Transaction Hash,Status,Method,Blockno,DateTime (UTC),From,From_Nametag,To,To_Nametag,Amount,Value (USD),Txn Fee
"0x6fd0fdd0dda1dba521d173cb3e66a642b36d861ed932dbe1766d078445e74bbd","Success","Transfer","9945548","2025-12-30 13:42:12","0xda80ffc27aa531e41b8d14603c8501dd20963da9","","0xfb30129241e7520e66b96426259e95359c3e2800","","0.1 ETH","$0.00","0.0000317"
"0x0b54930363b47d86a9e36bd00912b12b21ab38504e024af8fba1896c4c7985a3","Success","Transfer","9945010","2025-12-30 11:48:00","0x08179cf0c93acac485607498705ab1054e0993d4","","0xfb30129241e7520e66b96426259e95359c3e2800","","0.048399973 ETH","$0.00","0.0000315"
"0x1eb7c94a13b8075f47a5a9059ec6a5182c4531bb80b6a47742d6bcea0edf2902","Success","Transfer","9944819","2025-12-30 11:07:36","0xef47b75615a0304de69ea3e3630b2ed12083f44d","","0xfb30129241e7520e66b96426259e95359c3e2800","","0.5 ETH","$0.00","0.00000002"
"0x3e561aa0fcf9b4a9b1ca4906fc23e7d5403058f9d2d3b1feb92b153997c94af5","Success","Transfer","9944529","2025-12-30 10:06:00","0x99e8c8c1148866444a84529db76e28644caaea7a","","0xfb30129241e7520e66b96426259e95359c3e2800","","0.01 ETH","$0.00","0.0000315"
"0x7d69c5b5d6a6cd7c3eaf2003efe2611656272649a0ef36bfc4029b21e050c7e1","Success","Transfer","9944394","2025-12-30 09:38:12","0x99e8c8c1148866444a84529db76e28644caaea7a","","0xfb30129241e7520e66b96426259e95359c3e2800","","1 ETH","$0.00","0.0000315"
"0xe12c764c6b3f8411c3cfe7f4ca62b768ec185ef554a9916876433793cf4942b5","Success","Transfer","9943918","2025-12-30 07:57:00","0xa7f0724e00ff544f5b2bcec459dee3b66020e664","","0xfb30129241e7520e66b96426259e95359c3e2800","","0.01 ETH","$0.00","0.00000006"
"0xaf8489496ea89d7ec48c9c67c5c05eaed1baee4855b93c3fca5eb1dab627f0f0","Success","Transfer","9943912","2025-12-30 07:55:36","0xa7f0724e00ff544f5b2bcec459dee3b66020e664","","0xfb30129241e7520e66b96426259e95359c3e2800","","0.01 ETH","$0.00","0.00000004"
"0x0ac7d636ec854f8de2826a1c8dd55c2550e159c2d951364cad337a784012ef9b","Success","Transfer","9940846","2025-12-29 21:05:48","0x4ca36fffb082c5bfc3eee48e041f269c242b5908","","0xfb30129241e7520e66b96426259e95359c3e2800","","0.01 ETH","$0.00","0.00000053"
"0x79f24fb34fc0756267d9f73a27ce81aa7550f2e58d324d0f806a1e9767aef2c8","Success","Transfer","9938475","2025-12-29 12:41:12","0x9584f9fd6871da57fff1cbff6f224209012bcaae","","0xfb30129241e7520e66b96426259e95359c3e2800","","0.2 ETH","$0.00","0.0000315"
"0x7e0a22984e0f61037bef172569c7bce1f2020fc855b33ce60a7ba01afc62de8d","Success","Transfer","9937411","2025-12-29 08:56:36","0xe9f5b7cc603f989e242543f1122a401059735860","","0xfb30129241e7520e66b96426259e95359c3e2800","","0.03 ETH","$0.00","0.00003151"
"0x9ff59de7d9f63c25d491259c4763447bda78b132b0d5cf1f23df5d8aa09f6ee8","Success","Transfer","9932131","2025-12-28 14:13:36","0x9347c2df8e3f56706abaabf4ed9083c02e7bb74c","","0xfb30129241e7520e66b96426259e95359c3e2800","","0.02 ETH","$0.00","0.00000003"
"0x112eb1421ed4749292769cba31a63f939c8348caf516dd35d3c941c062f2eb10","Success","Transfer","9931902","2025-12-28 13:26:00","0x9347c2df8e3f56706abaabf4ed9083c02e7bb74c","","0xfb30129241e7520e66b96426259e95359c3e2800","","0.638593292 ETH","$0.00","0.00000005"
"0x4cd582edc42586a23808a5adac9285734132eedea4999b9e76a86004c616e380","Success","Transfer","9922645","2025-12-27 04:31:36","0xc53c0b6caaf941e650daf0fa15179bf713a5f474","","0xfb30129241e7520e66b96426259e95359c3e2800","","0.149066246 ETH","$0.00","0.0000315"
"0x8f8a1b66dca6aba31cc8c685036eaf3d84cb8e1a9b550afcdbb2736d62130985","Success","Transfer","9922536","2025-12-27 04:09:36","0x6c9e8d969fd92051836635a07fc8bb94af46e554","","0xfb30129241e7520e66b96426259e95359c3e2800","","0.01 ETH","$0.00","0.00000002"
"0xe2999eb0b6fb6c91734c4616f3cd24ffee72da855eaab8a9c13db7eef8d3d84d","Success","Transfer","9922527","2025-12-27 04:07:48","0x89a378aca906345c8f5596d311768ee08a9b3542","","0xfb30129241e7520e66b96426259e95359c3e2800","","0.013259 ETH","$0.00","0.0000315"
"0xefe0f76daeb6cb8d8593bc0d47f0d516cec757a97489eebea86802e7c427e45e","Success","Transfer","9922490","2025-12-27 03:58:48","0x89a378aca906345c8f5596d311768ee08a9b3542","","0xfb30129241e7520e66b96426259e95359c3e2800","","0.01 ETH","$0.00","0.00000008"
"0xf34aa355a19c7b3adeaedc2d1adf5d4bf0f3c735fd24a8953f11505d8fafb391","Success","Transfer","9922487","2025-12-27 03:58:12","0x89a378aca906345c8f5596d311768ee08a9b3542","","0xfb30129241e7520e66b96426259e95359c3e2800","","0.01 ETH","$0.00","0.00000008"
"0x52e27cad69e4f48a7268f86c1ed88618124b029a1f0fbba4cea99ee32c76c110","Success","Transfer","9922462","2025-12-27 03:53:12","0x89a378aca906345c8f5596d311768ee08a9b3542","","0xfb30129241e7520e66b96426259e95359c3e2800","","0.01 ETH","$0.00","0.0000315"
"0xa78d512ecd9f6cbd5c7cc62fdbe2da303399c378bf49b26c051aef849dc4b3ad","Success","Transfer","9922459","2025-12-27 03:52:36","0x89a378aca906345c8f5596d311768ee08a9b3542","","0xfb30129241e7520e66b96426259e95359c3e2800","","0.01 ETH","$0.00","0.0000315"
"0xf05b7e1a7ec070e72359934aaee6136acd173f5292f7fb4bae44c4557c8821cc","Success","Transfer","9922443","2025-12-27 03:49:12","0x89a378aca906345c8f5596d311768ee08a9b3542","","0xfb30129241e7520e66b96426259e95359c3e2800","","0.0123 ETH","$0.00","0.0000315"
"0x8d8fdf3475b579042c2364f2025499093fcdfd34f86ebfb6f98796397399407a","Success","Transfer","9920777","2025-12-26 21:53:00","0x3167b530a4317d1a88a7bf60ca22039a9ca48097","","0xfb30129241e7520e66b96426259e95359c3e2800","","0.1 ETH","$0.00","0.0000315"
"0x2613c869defd2a17e94901ad092b192b35c33e048d34eabb051013b8d584c408","Success","Transfer","9919391","2025-12-26 17:00:12","0x89a378aca906345c8f5596d311768ee08a9b3542","","0xfb30129241e7520e66b96426259e95359c3e2800","","0.005 ETH","$0.00","0.0000315"
"0xf68fc4c3276fb4384791815bb63da120d22d3605ba41f02726e8d64670888408","Success","Transfer","9917047","2025-12-26 08:26:24","0xa7f0724e00ff544f5b2bcec459dee3b66020e664","","0xfb30129241e7520e66b96426259e95359c3e2800","","0.044 ETH","$0.00","0.00000059"
"0x76ed1a74c2b65832c4da20429fd8959869082591fe45fb67988e8ed725747dbc","Success","Transfer","9916839","2025-12-26 07:40:12","0xe3f48b77030cc5574d577908d923fb662d082ef0","","0xfb30129241e7520e66b96426259e95359c3e2800","","0.05 ETH","$0.00","0.0000315"
"0x6fb7b94684b07a503cd3eebf6c5044d273e4a7b9657594fc8c7132105791a9da","Success","Transfer","9916604","2025-12-26 06:46:48","0x06505ae893f1696c9a6ca7e619cd8586c823f5b9","","0xfb30129241e7520e66b96426259e95359c3e2800","","0.03 ETH","$0.00","0.0000315"
"0xd1a3b877a073a7a5759b26e2281470818e589b32b6693ed16fdbb7c33b8100a4","Success","Transfer","9916583","2025-12-26 06:41:48","0x06505ae893f1696c9a6ca7e619cd8586c823f5b9","","0xfb30129241e7520e66b96426259e95359c3e2800","","0.001 ETH","$0.00","0.0000315"
"0xf68cb49b6073a5c13fa188c0c470e4aba034dd4d2638aebe3c016acaa9a880cf","Success","Transfer","9912701","2025-12-25 16:06:48","0x89a378aca906345c8f5596d311768ee08a9b3542","","0xfb30129241e7520e66b96426259e95359c3e2800","","0.02 ETH","$0.00","0.0000315"
"0x790c1c5afc57cb545fd9c2fe7a93d592449b0874ff6caf919249430cd4d32912","Success","Transfer","9907013","2025-12-24 18:37:00","0x89a378aca906345c8f5596d311768ee08a9b3542","","0xfb30129241e7520e66b96426259e95359c3e2800","","0.0128 ETH","$0.00","0.00003188"
"0xcd852747edb3e17ca042e6bd97ad36331971f43ecbe0d3da536c0c940dad9180","Success","Transfer","9906370","2025-12-24 16:08:48","0x89a378aca906345c8f5596d311768ee08a9b3542","","0xfb30129241e7520e66b96426259e95359c3e2800","","0.011 ETH","$0.00","0.0000315"
"0x5c84ea024ca8268ff73dee2bc98f00f532e0a14cabc6a862c9ddb974dffa50fe","Success","Transfer","9906337","2025-12-24 16:01:24","0x89a378aca906345c8f5596d311768ee08a9b3542","","0xfb30129241e7520e66b96426259e95359c3e2800","","0.01 ETH","$0.00","0.0000315"
"0xc88df3aa3807395904561817b5c186deb71e23bd2ea50ecef1dc446f4bc5e532","Success","Transfer","9906154","2025-12-24 15:20:12","0x793cbfba6f986871b4c208fb73a76e94a914ef67","","0xfb30129241e7520e66b96426259e95359c3e2800","","0.01 ETH","$0.00","0.00000007"
"0x432bf49b4d22ccf4ad39f4a13b2e8026eed32adfe2a4e03a957b156fb32cca4f","Success","Transfer","9906150","2025-12-24 15:19:12","0x793cbfba6f986871b4c208fb73a76e94a914ef67","","0xfb30129241e7520e66b96426259e95359c3e2800","","0.01 ETH","$0.00","0.00000008"